Student ID,Maths,Science,English,Total,Percentage
124,54,65,67,186,62.0
234,54,76,66,196,65.33333333333333
105,65,76,44,185,61.666666666666664
